{
    "groups": [
        {
            "name": "Sengkang CC",
            "location1": 1.3934976451875911,
            "location2": 103.8960472211468
        },
        {
            "name": "Punggol CC",
            "location1": 1.3746701586825003,
            "location2": 103.8931266978808
        }
    ]
}